benchmark,detected_faults,total_faults,coverage_percent,wall_time,sat_time,avg_decisions,avg_conflicts
c432.v,389,392,99.23469387755102,0.5287458896636963,0.24781441688537598,538.6530612244898,125.83928571428571
c499.v,486,486,100.0,2.1450891494750977,1.663811206817627,1921.8189300411523,710.8086419753087
c880.v,886,886,100.0,3.0604028701782227,1.6404838562011719,1098.6083521444696,254.2957110609481
c1355.v,1174,1174,100.0,6.979140281677246,4.419384002685547,1486.3960817717207,439.89097103918226
s298.v,284,284,100.0,0.15094709396362305,0.006344318389892578,48.29577464788732,1.517605633802817
s344.v,380,380,100.0,0.24192309379577637,0.00926351547241211,53.55,1.8421052631578947
