benchmark,detected_faults,total_faults,coverage_percent,wall_time,sat_time,avg_decisions,avg_conflicts
c432.v,389,392,99.23469387755102,0.2607851028442383,0.01668238639831543,97.71428571428571,5.880102040816326
c499.v,486,486,100.0,0.40320491790771484,0.019802331924438477,92.70164609053498,0.0
c880.v,883,886,99.66139954853273,1.2492170333862305,0.04566502571105957,147.77088036117382,1.1952595936794583
c1355.v,1174,1174,100.0,2.2812278270721436,0.07693004608154297,66.05962521294718,1.6039182282793867
c3540.v,0,3438,0.0,21.697797060012817,0.8297927379608154,126.98225712623618,18.117510180337405
c6288.v,4878,4896,99.63235294117646,64.19486379623413,20.464863777160645,2994.719362745098,226.98059640522877
s298.v,284,284,100.0,0.1277010440826416,0.006748199462890625,43.644366197183096,1.5845070422535212
s344.v,380,380,100.0,0.2205979824066162,0.009302139282226562,49.77894736842105,1.8447368421052632
