benchmark,detected_faults,total_faults,coverage_percent,wall_time,sat_time,avg_decisions,avg_conflicts
c432.v,389,392,99.23469387755102,0.2528109550476074,0.016367435455322266,97.71428571428571,5.880102040816326
c499.v,486,486,100.0,0.38868188858032227,0.018697738647460938,101.62962962962963,0.0
c880.v,826,826,100.0,0.995635986328125,0.033910512924194336,200.53026634382567,0.45883777239709445
c1355.v,1110,1110,100.0,2.029078722000122,0.0829305648803711,112.86486486486487,6.8045045045045045
c3540.v,0,3406,0.0,15.883720874786377,0.2369983196258545,181.87668819729888,3.959483264826776
c6288.v,4878,4896,99.63235294117646,61.41285705566406,19.983043432235718,2994.719362745098,226.98059640522877
s298.v,284,284,100.0,0.12407183647155762,0.00694584846496582,104.52464788732394,2.528169014084507
s344.v,380,380,100.0,0.26575207710266113,0.026448965072631836,63.01052631578948,0.18421052631578946
